{"biology": {"corr": 647.0, "wrong": 70.0, "acc": 0.902370990237099}, "total": {"corr": 647.0, "wrong": 70.0, "acc": 0.902370990237099}}