{"business": {"corr": 683.0, "wrong": 106.0, "acc": 0.8656527249683144}, "total": {"corr": 683.0, "wrong": 106.0, "acc": 0.8656527249683144}}