{"chemistry": {"corr": 992.0, "wrong": 140.0, "acc": 0.8763250883392226}, "total": {"corr": 992.0, "wrong": 140.0, "acc": 0.8763250883392226}}