{"computer science": {"corr": 350.0, "wrong": 60.0, "acc": 0.8536585365853658}, "total": {"corr": 350.0, "wrong": 60.0, "acc": 0.8536585365853658}}