{"economics": {"corr": 708.0, "wrong": 136.0, "acc": 0.8388625592417062}, "total": {"corr": 708.0, "wrong": 136.0, "acc": 0.8388625592417062}}