{"engineering": {"corr": 682.0, "wrong": 287.0, "acc": 0.7038183694530443}, "total": {"corr": 682.0, "wrong": 287.0, "acc": 0.7038183694530443}}