{"health": {"corr": 641.0, "wrong": 177.0, "acc": 0.7836185819070904}, "total": {"corr": 641.0, "wrong": 177.0, "acc": 0.7836185819070904}}