{"law": {"corr": 613.0, "wrong": 488.0, "acc": 0.5567665758401453}, "total": {"corr": 613.0, "wrong": 488.0, "acc": 0.5567665758401453}}