{"math": {"corr": 1263.0, "wrong": 88.0, "acc": 0.9348630643967432}, "total": {"corr": 1263.0, "wrong": 88.0, "acc": 0.9348630643967432}}