{"other": {"corr": 692.0, "wrong": 232.0, "acc": 0.7489177489177489}, "total": {"corr": 692.0, "wrong": 232.0, "acc": 0.7489177489177489}}