{"physics": {"corr": 1127.0, "wrong": 172.0, "acc": 0.867590454195535}, "total": {"corr": 1127.0, "wrong": 172.0, "acc": 0.867590454195535}}