{"psychology": {"corr": 624.0, "wrong": 174.0, "acc": 0.7819548872180451}, "total": {"corr": 624.0, "wrong": 174.0, "acc": 0.7819548872180451}}